Workbook

Sheet Banco de dados 
A1: Nome Comercial | B1: Fármaco | C1: Classificação | D1: Sintomatologia | E1: Alterações laboratoriais | F1: Ação com os médicos | G1: Observação | H1: Ação com a Nutrição | I1: ação com a enfermagem
A2: Fluimucil 10% ampola 3ml | B2: Acetilcisteína | C2: Mucolítico | D2: N/A | E2: N/A | F2: N/A | G2: N/A | H2: N/A | I2: N/A
A3: Fluimucil D 600mg granulado | B3: Acetilcisteína | C3: Mucolítico | D3: N/A | E3: N/A | F3: N/A | G3: N/A | H3: N/A | I3: N/A
A4: Diamox 250mg comprimido | B4: Acetazolamida | C4: Diurético e antiglaucoma | D4: Pode causar: anorexia, gosto metálico, diarreía, naúseas, vomoitos, obstipação, boca seca, sonolencia, confusão, fadiga, parestesia Preucação: Lactação,deficiencia de G6PD (risco de anemia hemolítica), insuficiencia renal grave ou doença hepática, | E4: ↓ Na, ↓K, ↑Cl, ↑ácido úrico, ↑glicose (em diabetes),anemias incluindo aplástica fatal rara,discrasias Urina: ↑pH, ↑Na, ↑K, ↓ácido úrico,↑ glicose (em diabetes), ↑tiamina, ↑piridoxina | F4: Monitorar hemograma e plaquetas, eletrólitos, hiperglicemia em diabetes | G4: Com alimentos: Melhora a absorção | H4: Assegurar a ingestão hídrica/hidratação adequada | I4: Administrar junto com as refeições
A5: AAS 100 mg infantil | B5: Acido Acetilsalicílico | C5: Analgésico, anti-inflamatório, antiagregante: | D5: Pode causar: Anorexia, sangramento gástrico ou oral , naúseas, vômito, dispepsia. Evitar: Alcool Precaução: Lactação, Diabetes, não usar em pacientes propensos a deficiência de vitamina K, sangramentos ou gastrite/úlceras Não usar: alergia à tartrazina, anemia grave severa, diminuição da função renal e hepática. | E5: ↓T4, ↓ ou ↑ácido úrico (dose dependente), ↓K, ↑TGO, ↑TGP, ↑fosf alc, ↓Fe, ↑uréia, ↑ creat Urina: ↑vit C, ↑ K ou ↓ glicose (método dependente) | F5: Monitorar Hematocrito e função renal com uso a longo prazo ou em altas doses | G5: Com alimentos ácidos = Aumento da absorção Com alimentos alcalinos = Diminuição da absorção | H5: Equilibrio na ingestão de alimentos capazes de acidificar ou alcalinizar a urina Assegurar ingestão hídrica adequada | I5: Administrar com 1 copo de água ou leite após as refeições ou com alimento
A6: Vitamina C 500mg comprimido | B6: Acido Ascórbico | C6: Vitamina | D6: Pode causar: Naúseas, vômito, dispepsia, cólicas gástricas, diarreia c/>1g/dia | E6: Urina: ↑oxalato, ↑Ca, ↓ Na, ↑ou ↓ác úrico | F6: N/A | G6: N/A | H6: N/A | I6: N/A
A7: Clavulin cp 500mg | B7: Acido clavulanico + Amoxilina | C7: Antibiótico | D7: Pode causar: Diarreia, naúseas, vomitos, glossite, candidíase oral, colite pseudomembranosa, erupções cutaneas, raras reações alergicas (pode ser fatal). Precaução: Lactação | E7: Anemias, discrasias, ↑TGO, ↑TGP | F7: Monitorar função renal, função hépatica e hemograma no uso a longo prazo | G7: Com alimento = Diminui ação do farmaco na mucosa | H7: N/A | I7: Administrar junto com as refeições
A8: Clavulin ampola 500mg | B8: Acido clavulanico + Amoxilina | C8: Antibiótico | D8: Pode causar: Diarreia, naúseas, vomitos, glossite, candidíase oral, colite pseudomembranosa, erupções cutaneas, raras reações alergicas (pode ser fatal). Precaução: Lactação | E8: Anemias, discrasias, ↑TGO, ↑TGP | F8: Monitorar função renal, função hépatica e hemograma no uso a longo prazo | G8: Com alimento = Diminui ação do farmaco na mucosa | H8: N/A | I8: Administrar junto com as refeições
A9: Endofolin 5mg comprimido | B9: Ácido Fólico | C9: Vitamina | D9: Condições especiais: Não usar com anemia perniciosa não tratada | E9: ↓ vit B12, c/altas doses a longo prazo, ↓ homocisteína, ↑erit, ↑leuc, ↑plaquetas, ↑Hb, ↑Hct, ↓HGM, ↓ VGM quando usado para tratar anemia | F9: Monitorar Hemograma, Vitamina B12 c/altas doses a longo prazo | G9: Com alimentos ricos em Zn = Diminui a absorção | H9: Dieta balanceada Tomar suplemento de Zn separadamente por 2 horas | I9: N/A
A10: Transamin ampola 5ml | B10: Ácido Tranexâmico | C10: Hemostático | D10: N/A | E10: N/A | F10: N/A | G10: N/A | H10: N/A | I10: N/A
A11: Depakene 500mg comprimido | B11: Ácido Valproico | C11: Anticonvulsivante | D11: N/A | E11: N/A | F11: N/A | G11: N/A | H11: N/A | I11: N/A
A12: Adenocard 3mg/ml ampola 2ml | B12: Adenosina | C12: Antiarrítmico | D12: N/A | E12: N/A | F12: N/A | G12: alimentos que possuem cafeina e teofilina, pois pode reduzir a resposta cardiovascular. | H12: Evitar alientos como café e a base de chocolate. | I12: N/A
... A34: Zitromax ampola | B34: Azitromicina | C34: Antibiótico | D34: Pode causar: Estomatite, diarreia, dor abdominal Precaução: Lactação, ↓função renal ou hepatica | E34: ↑ CPK, ↑TGO, ↑TGP, ↑GGT, ↑K | F34: Monitorar função hepática com usooral a longo prazo | G34: N/A | H34: N/A | I34: Tomar 1h antes ou 2h após as refeições. Tomar junto com as refeições em caso de desconforto GI
A35: Azul de metileno 4% | C35: Antídoto | D35: N/A | E35: N/A | F35: N/A | G35: N/A | H35: N/A | I35: N/A
A36: lioresal 10mg comprimido | B36: Baclofeno | C36: Relaxante muscular | D36: Pode causar: Boca seca, nauseas, vomito, alterações de paladar, obstipação, sonolência, tontura, fraqueza, confusão, cefaleia, depressão, insônia, ↓PA, edema Precaução: Alccol, não usar ↓função renal, | E36: ↑fosf alc, ↑TGO, ↑TGP, ↑glicose Urina: ↑frequencia , retenção | F36: N/A | G36: N/A | H36: N/A | I36: N/A
A37: Bamifix 600mg | B37: Bamifilina | C37: Broncodilatador | D37: N/A | E37: N/A | F37: N/A | G37: N/A | H37: N/A | I37: N/A
A38: Benzetacil 600.000 UI Benzetacil1200000 UI | B38: Benzilpenicilina | C38: Antibiótico | D38: Pode causar: Anorexia, Precaução: não usar ↓função renal, lactação | E38: Discrasias, ↑K ( especialmente pen GK, ↑Na (pen G Na) Urina: +p/glicose ou falso ↑esteroídes (método-dependente) c/pen G | F38: Em uso a longo prazo ou altas doses: hemograma, função renal, eletrolitos, K ou Na especialmente c/pen G | G38: Com suplementos de K c/pen - VK | H38: N/A | I38: Tomar 1 hora antes ou 2 horas antes da alimentação, em caso de desconforto tomar junto com o alimento
A39: Despacilina 400.000 UI | B39: Benzilpenicilina potássica + Benzilpenicilina procaína | C39: Antibiótico | D39: Pode causar: Anorexia, Precaução: não usar ↓função renal, lactação | E39: Discrasias, ↑K ( especialmente pen GK, ↑Na (pen G Na) Urina: +p/glicose ou falso ↑esteroídes (método-dependente) c/pen G | F39: Em uso a longo prazo ou altas doses: hemograma, função renal, eletrolitos, K ou Na especialmente c/pen G | G39: Com suplementos de K c/pen - VK | H39: N/A | I39: Tomar 1 hora antes ou 2 horas antes da alimentação, em caso de desconforto tomar junto com o alimento
A40: Celestone Soluspan | B40: Fosfato de Betametasona | C40: Anti-inflamatorio Esteroidal | D40: Pode causar: Anorexia, naúseas, vomitos, dispesia, úldera péptica, flatulência, sangramento/perfuração GI, ↑apetite, ↑peso, anorexia, osteporose e necrose a longo prazo, ↑ necessidade de folato, edema, insônia, hematomas, cicatrização lenta Precaução: Alccol, não usar na lactação, diabetes (↑glicemia), hipoalbuminemia (<3g/dl) pode ↑efeitos do fármaco, ↓função renal ou epilepsia | E40: ↑Na, ↓K, ↑Ca, ↑glicose, ↓Zn, ↓ác úrico, ↓vit C, ↓Vit A, ↑Tg, ↑Col, ↓T3, ↓T4, ↓TSH, ↑Hb, ↑erit, discrasias | F40: A longo prazo: Eletrolitos, glicemia, PA, peso, crescimento em crianças, densidade óssea c/uso >2 meses, função adrenal | G40: ↓Na, ↑Ca, ↑vit D, ↑ptn. Pode necessitar , ↑ K, ↑vit Ae C, ↑P(ou suplementação). Suplementação de Ca e Vit D recomendada c/uso a longo prazo. | H40: N/A | I40: Tomar junto com o alimento para diminuir os sintomas
A41: Bicarbonato de sódio 8,4% 10 ml | C41: Solução hidroeletrolitica | D41: Pode causar: ↑ sede, ↑ peso (edema), distensão gástrica,cólicas, flatulência Precaução: ↓função renal, ICC, HÁ | E41: ↑ Na, ↓K, ↓Ca Urina ↑ph | F41: N/A | G41: N/A | H41: Considerar conteúdo de Na, com dietas ↓Na. Precaução c/suplemento de Ca ou ingestão elevada de leite c/uso a longo prazo | I41: Como antiácido: Tomar após as refeições. Tomar suplemento de Fe separadamente 1 hora antes ou 2 horas após a administração do fármaco
A42: Bicarbonato de sódio 8,4%250 ml) | C42: Solução hidroeletrolitica | D42: Pode causar: ↑ sede, ↑ peso (edema), distensão gástrica,cólicas, flatulência Precaução: ↓função renal, ICC, HÁ | E42: ↑ Na, ↓K, ↓Ca Urina ↑ph | F42: N/A | G42: N/A | H42: Considerar conteúdo de Na, com dietas ↓Na. Precaução c/suplemento de Ca ou ingestão elevada de leite c/uso a longo prazo | I42: Como antiácido: Tomar após as refeições. Tomar suplemento de Fe separadamente 1 hora antes ou 2 horas após a administração do fármaco
A43: Dulcolax comprimido | B43: Bisacodil | C43: Laxante | D43: Pode causar: naúseas, diarreia, dor abdominal, eructação. Uso a longo prazo: dependencia laxativa, má absorção e esteatorreia Precaução: Não usar na lactação | E43: a longo prazo ↓K, ↓Ca | F43: N/A | G43: N/A | H43: Dieta rica em fibra e ingestão hidrica de 1,5 - 2 l/ao dia | I43: Tomar a tarde com o estomago vazio com 1 copo de água ou suco. Engolir inteiro o comprimido, não triturar. Obsevar intervalo de 1 hora entra a ingestão do fármaco e e de leite.
A44: Lexotan 3mg comprimido | B44: Bromazepan | C44: Ansiolítico/hipnótico | D44: N/A | E44: N/A | F44: N/A | G44: N/A | H44: N/A | I44: N/A
A45: Atrovent 0,025% frasco 10ml | B45: Brometo de Ipratropio | C45: Broncodilatador | D45: Pode causar: Garganta/boca seca, paladar metalico/amargo, naúseas, dispesia, tosse, cefaleia, dispneia, tontura, disturbios visuais, palpitações, dor nas costas ou peito, palpitações , retenção urinaria Precaução: Lactação | E45: N/A | F45: N/A | G45: N/A | H45: N/A | I45: N/A
A47: Digesan injetável | B47: Bromoprida | C47: Antiemético/procinético | D47: N/A | E47: N/A | F47: N/A | G47: N/A | H47: N/A | I47: N/A
A48: Digesan comprimido 10mg | B48: Bromoprida | C48: Antiemético/procinético | D48: N/A | E48: N/A | F48: N/A | G48: N/A | H48: N/A | I48: N/A
A49: Pulmicort 0,25mg/ml | B49: Budesonida | C49: Antiinflamatorio esteroidal | D49: N/A | E49: N/A | F49: N/A | G49: N/A | H49: N/A | I49: N/A
A50: Oscal D comprimido | B50: Carbonato de Calcio+ colecalciferol | C50: Suplemento Mineral | D50: Pode causar: ↑ abs de Ca, anorexia, ↓ peso, ↑sede. Sintomas de def: raquitismo, crecimento, palpitações, irritabilidade, boca seca, paladar metalico, nauseas, vomito, obstipação, diarreia. Precaução: Não usar em hiperglicemia ou hiperfostemia, ↓função renal ou cardiaca | E50: ↑ Ca, ↑P, ↓fosf alc,↑ Mg, ↑ ureia, ↑creat, ↑TGO, ↑tgp, ↑COL. Hipercalcemia induzida por ergocalciferol persiste mais tempo do que c/o calcitriol. Urina: ↑Ca c/vit D > 60ug, ↑P, ↑alb, poliuria | F50: Ca, P, função renal | G50: N/A | H50: N/A | I50: Pode ser adm diretamente na boca ou misturada c/alimentos moles ou suco
A51: Atacand 16mg | B51: Candesartana | C51: anti-hipertensivo | D51: N/A | E51: N/A | F51: N/A | G51: Alimentos com alto teor de potassio pode interferir na absorção do farmaco. | H51: Evitar alimentos com essas caracteristicas. | I51: N/A
A52: Capoten 25mg | B52: Captopril | C52: Anti-hipertensivo | D52: Pode causar: anorexia, ↓peso, Fe, Mg, Al: ↓ abs do farmaco, paladar metalico ou salgado, nauseas, vomitos, úlcera peptica, dor abdominal, obstipação, diarreia, ↓ PA, c/possivel hipotensão, tosse Precaução: Diabetes, ↓glicemia | E52: ↓ leuc ou discrasias, ↑ K, ↓Na, ↑TGO, ↑TGP, ↑fosf alc, ↑bil, ↑ prolactina, ↑ác úrico, ↓ glicose em DM, transitorio ↑ureia, ↑Creat Urina: ptn, Zn | F52: PA, eletrolitos, função renal, leucograma, glicemia para DM | G52: Com alimento: Diminui a absorção do fármaco. deve evitar a ingestão de alimentos ricos em potássio na dieta. | H52: Assegurar a ingestão hidrica/hidratação adequada, ↓Na, ↓cal pode ser recomendada. Evitar substitutos do sal. Precaução c/ Fe ou Mg/antiácidos separadamente por pelo menos 2h | I52: Tomar c/ estomago vazio 1 hora das refeições
A53: Tegretol 200mg comprimido | B53: Carbamazepina | C53: Anticonvulsivante | D53: Pode causar: Anorexia,↓folato, ↓vit D, nauseas, vomito, boca seca, estomatite, glossite, dor abdominal, obstipação, diarreia, tontura, edema, disturbios visuais, sonolencia, ataxia, tontura Precaução: Alcool , não uxar na lactação, ↑ risco de problemas dentários, ↓função hepatico | E53: ↓ leuc, ↓folato, ↓Ca, discrasias, ↓T3, ↓T4, ↓Na, ↓biotina, ↑ureia, ↑TGO, ↑TGP, ↑fosf alc, ↑bile, ↑TG | F53: Monitora niveis do farmaco, exames oculares, , hemograma, função renal e hepatica, Fe, Ca, Na séricos, urinálise. | G53: Com alimento ricos em gordura= Aumenta a Consumo de Toranja = Aumenta a absorção | H53: Incentivar o consumo de gordura de forma equilibrada no horário de administração do fármaco Dieta isenta de toranja * Verificar os niveis de sódio no organismo em tratamentos prolongados | I53: Administrar junto com a refeição ou logo após
A54: Carvão ativado pó 50 gr | C54: Antídoto | D54: N/A | E54: N/A | F54: N/A | G54: N/A | H54: N/A | I54: N/A
A55: Cardilol 3,125 | B55: Carvedilol | C55: Anti-hipertensivo | D55: N/A | E55: N/A | F55: N/A | G55: N/A | H55: N/A | I55: N/A
A56: Keflex 500mg comprimido | B56: Cefalexina | C56: Antibiótico | D56: Pode causar: Candidiase oral, inflamação da mucosa bucal e língua em uso a longo prazo, dispseia, gastrite, diarreia, colite pseudomembranosa. Precaução: Lactação, ↓função renal | E56: ↑TGO, ↑TGP, eosinofilia, ↓leuc, ↑ureia, ↑creat, falso para p/Coombs | F56: N/A | G56: N/A | H56: N/A | I56: Tomar sem considrar a alimentação
A57: Keflin 1 g frasco | B57: Cafalotina | C57: Antibiótico | D57: Pode causar: Não usar com alcool c/ cefoperazona (reação semelhante ao dissulfiram). Precaução: Lactação. Uso a longo prazo em desnutridos: ↓sintese de vit K,↓função renal | E57: Discrasias, eosinofilia. Transitorio: ↑TGO, ↑ TGP, ↑fosf alc, ↑GGT, ↑LD, ↑ureia, ↑creat | F57: Monitorar TP, hemograma completo se usado mais de 10 dias | G57: N/A | H57: Considerar conteúdo de Na, com dietas ↓Na. Pode necessitar de ↑K ou suplemento, especialmente cefopeparozona para prevenir sangramento devido à hipoprotrombinemia | I57: Compativel c/NP
A58: Kefazol 1gr frasco | B58: Cefazolina | C58: Antibiótico | D58: Pode causar: Não usar com alcool c/ cefoperazona (reação semelhante ao dissulfiram). Precaução: Lactação. Uso a longo prazo em desnutridos: ↓sintese de vit K,↓função renal | E58: Discrasias, eosinofilia. Transitorio: ↑TGO, ↑ TGP, ↑fosf alc, ↑GGT, ↑LD, ↑ureia, ↑creat | F58: Monitorar TP, hemograma completo se usado mais de 10 dias | G58: N/A | H58: Considerar conteúdo de Na, com dietas ↓Na. Pode necessitar de ↑K ou suplemento, especialmente cefopeparozona para prevenir sangramento devido à hipoprotrombinemia | I58: Compativel c/NP
A60: Maxcef 1g | B60: Cefepima | C60: Antibiótico | D60: Pode causar: Não usar com alcool c/ cefoperazona (reação semelhante ao dissulfiram). Precaução: Lactação. Uso a longo prazo em desnutridos: ↓sintese de vit K,↓função renal | E60: Discrasias, eosinofilia. Transitorio: ↑TGO, ↑ TGP, ↑fosf alc, ↑GGT, ↑LD, ↑ureia, ↑creat | F60: Monitorar TP, hemograma completo se usado mais de 10 dias | G60: N/A | H60: Considerar conteúdo de Na, com dietas ↓Na. Pode necessitar de ↑K ou suplemento, especialmente cefopeparozona para prevenir sangramento devido à hipoprotrombinemia | I60: Compativel c/NP
A61: Fortaz 1gr | B61: Ceftazidima | C61: Antibiótico | D61: Pode causar: Não usar com alcool c/ cefoperazona (reação semelhante ao dissulfiram). Precaução: Lactação. Uso a longo prazo em desnutridos: ↓sintese de vit K,↓função renal | E61: Discrasias, eosinofilia. Transitorio: ↑TGO, ↑ TGP, ↑fosf alc, ↑GGT, ↑LD, ↑ureia, ↑creat | F61: Monitorar TP, hemograma completo se usado mais de 10 dias | G61: N/A | H61: Considerar conteúdo de Na, com dietas ↓Na. Pode necessitar de ↑K ou suplemento, especialmente cefopeparozona para prevenir sangramento devido à hipoprotrombinemia | I61: Compativel c/NP
A62: Rocefin 1gr | B62: Ceftriaxona | C62: Antibiótico | D62: Pode causar: Não usar com alcool c/ cefoperazona (reação semelhante ao dissulfiram). Precaução: Lactação. Uso a longo prazo em desnutridos: ↓sintese de vit K,↓função renal | E62: Discrasias, eosinofilia. Transitorio: ↑TGO, ↑ TGP, ↑fosf alc, ↑GGT, ↑LD, ↑ureia, ↑creat | F62: Monitorar TP, hemograma completo se usado mais de 10 dias | G62: N/A | H62: Considerar conteúdo de Na, com dietas ↓Na. Pode necessitar de ↑K ou suplemento, especialmente cefopeparozona para prevenir sangramento devido à hipoprotrombinemia | I62: Compativel c/NP
A63: Zinacef 750 | B63: cefuroxima | C63: Antibiótico | D63: Pode causar: Paladar amargo, nausea, diarreia, candidiase oral e inflamação da mucosa bucal e lingua a longo prazo. Precaução: não usar na lactação, ↓função renal | E63: ↑incidencia c/parenteral, ↓HB, ↓Hct, eosinofilia, ↑TGO, ↑TGP, ↑fosf alc, ↑LDL | F63: N/A | G63: Com alimento = Aumenta a absorção | H63: N/A | I63: Administrar junto com a refeição
A64: ketalar 50mg x2ml | B64: Cetamina | C64: Anestésico venoso não opióide | D64: N/A | E64: N/A | F64: N/A | G64: N/A | H64: N/A | I64: N/A
A65: Profenid 100mg IV | B65: Cetoprofeno | C65: Anti-inflamatório | D65: Pode causar:↓ apetite, nauseas, vomitos, dispesia, dor abdominal, flatulencia, obstipação, diarreia, úlcera e sangramento GI (pode ser agudo e grave), tontura, edema, cefaleia, depressão, irritação Precaução: c/HÁ, ICC ou edema, ↓função renal ou hépatica | E65: ↓ agregação plaquetaria, ↑tempo de sangramento, ↑ TGO, ↑TGP, ↑fosf, alc, ↓Hv (>20%) c/altas doses a logo prazo, ↓Hct, ↑K, ↑ureia, ↑creat, ↓ glicose | F65: Monitorar hemograma, função renal, em uso prolongado | G65: Com alimentos = Atrasa a absorção, porém não influencia na quantidade a ser absorivda, não atrapalhando o tratamento de vários dias Com leite: Aumenta a absorçao (aumento do ph gástrico) | H65: Precaução com irritantes | I65: Ingerir com leite
A66: Miosan 10mg comprimido | B66: Ciclobenzaprina | C66: Relaxante muscular | D66: Pode causar: Boca seca, paladar desagradavel, dispesia, naúseas, obstipação | E66: Urina: Retenção | F66: N/A | G66: N/A | H66: N/A | I66: N/A
A67: Cebralat 100mg comprimido | B67: Cilostazol | C67: Vasodilatador | D67: N/A | E67: N/A | F67: N/A | G67: N/A | H67: N/A | I67: N/A
... A72: Cipramil 20mg | B72: Citalopram | C72: Antidepressivo | D72: Pode causar: Boca seca, alteração de paladar, ↑ salivação, dispesia, naúseas, vômito, dor abdminal, diarreia, flatulencia. Precaução: Lactação, ↓função renal,↓função hepática | E72: Frquencia urinaria | F72: N/A | G72: N/A | H72: Evitar erva de são joão | I72: Tomar sem considerar a alimentação
A73: Pedyalite 45 | C73: Repositor e solução hidroeletrolítica | D73: N/A | E73: N/A | F73: N/A | G73: N/A | H73: N/A | I73: N/A
A74: Klaricid 500mg comp | B74: Claritromicina | C74: Antibiótico | D74: Pode causar: Paladar anormal, dispesia, nauseas, vomito, dor abdominal, diarreia Precaução: Alcool,↑ efeito sedativo do alcool, lactação ↓função renal grave | E74: ↑ureia, ↑Tp | F74: N/A | G74: N/A | H74: N/A | I74: Tomar sem considerar a alimentação
A75: Klaricid 500 mg IV | B75: Claritromicina | C75: Antibiótico | D75: Pode causar: Paladar anormal, dispesia, nauseas, vomito, dor abdominal, diarreia Precaução: Alcool,↑ efeito sedativo do alcool, lactação ↓função renal grave | E75: ↑ureia, ↑Tp | F75: N/A | G75: N/A | H75: N/A | I75: Tomar sem considerar a alimentação
A76: Rivotril 0,5 mg comprimido | B76: Clonazepam | C76: Ansiolítico | D76: Pode causar: ↑ou↓peso, ↑sede, ↑ salivação, boca seca/inflamada, cólicas abdominais, disfagia, nauiseas, diarreia, obstipação Precaução: ↓ função renal ou doença respiratoria, não usar com doença hepática grave | E76: Discrasias. Transitorio:↑ TGO, ↑ TGP, ↑ fosf alcalina Urina: retenção, enurese | F76: Monitorar hemograma e função hepática em uso a longo prazo | G76: N/A | H76: Limiar cafeína | I76: Pode ser tomado com alimento p/ ↓desconforto GI
A77: Rivotril 2mg comprimido | B77: Clonazepam | C77: Ansiolítico | D77: Pode causar: ↑ou↓peso, ↑sede, ↑ salivação, boca seca/inflamada, cólicas abdominais, disfagia, nauiseas, diarreia, obstipação Precaução: ↓ função renal ou doença respiratoria, não usar com doença hepática grave | E77: Discrasias. Transitorio:↑ TGO, ↑ TGP, ↑ fosf alcalina Urina: retenção, enurese | F77: Monitorar hemograma e função hepática em uso a longo prazo | G77: N/A | H77: Limiar cafeína | I77: Pode ser tomado com alimento p/ ↓desconforto GI
A78: Rivotril 2,5mg gota) | B78: Clonazepam | C78: Ansiolítico | D78: Pode causar: ↑ou↓peso, ↑sede, ↑ salivação, boca seca/inflamada, cólicas abdominais, disfagia, nauiseas, diarreia, obstipação Precaução: ↓ função renal ou doença respiratoria, não usar com doença hepática grave | E78: Discrasias. Transitorio:↑ TGO, ↑ TGP, ↑ fosf alcalina Urina: retenção, enurese | F78: Monitorar hemograma e função hepática em uso a longo prazo | G78: N/A | H78: Limiar cafeína | I78: Pode ser tomado com alimento p/ ↓desconforto GI
A79: Atensina 0,200mg comprimido | B79: Clonidina | C79: Anti-hipertensivo | D79: Pode causar: boca seca, nauseas, vomito, obstipação, ↓ PA c/possivel hipotensão, sonolencia, tontura, sedação, fraqueza, fadiga Precaução: Evitar alcool, não usar na lactação , ↓função renal | E79: Transitorio leve: ↑TGO, ↑TGP, transitorio: ↑ glicose c/dose única elevada Urina: ↓Na, ↓água, ↓volume | F79: Monitorar PA | G79: N/A | H79: ↓Na, ↓cal pode ser recomendado | I79: Tomar a última dose antes de dormir
A80: clonidin 150 mcg ampola 1ml | B80: Clonidina | C80: Anti-hipertensivo | D80: Pode causar: boca seca, nauseas, vomito, obstipação, ↓ PA c/possivel hipotensão, sonolencia, tontura, sedação, fraqueza, fadiga Precaução: Evitar alcool, não usar na lactação , ↓função renal | E80: Transitorio leve: ↑TGO, ↑TGP, transitorio: ↑ glicose c/dose única elevada Urina: ↓Na, ↓água, ↓volume | F80: Monitorar PA | G80: N/A | H80: ↓Na, ↓cal pode ser recomendado | I80: Tomar a última dose antes de dormir
A81: Plavix 75 mg comprimido | B81: Clopidogrel | C81: Antiagregante Plaquetário | D81: Pode causar: Dispesia, nauseas, vomitos, dor abdominal, hemorragia gástrica, diarreia, obstipação Precaução: ↓função hepatica | E81: ↑ tempo coagulação, ↓ plaquetas, anemia, ↓neutrofilos, ↑bil, ↑TGO, ↑TGP, ↑Col, ↑ác úrico Urina: ITU | F81: N/A | G81: N/A | H81: N/A | I81: Tomar sem considerar alimentação
A82: Cloreto de Potássio 10% 10 ml | B82: Cloreto de potássio | C82: Repositor e solução hidroeletrolítica | D82: Pode causar: Irritação gastrointestinal, dor abdominal, diarreia, flatulencia. Precaução: ↓função renal. Não usar em IRC e úlcera, disfagia, doença cardíaca e pacientes acamados. | E82: ↑ K, ↑Cl Urina: ↑K, ↓Mg | F82: Monitorar: K, Cl, Mg séricos | G82: N/A | H82: N/A | I82: Tomar com as refeições c/ 1 copo de água
A83: Slow K comprimido | B83: Cloreto de potássio | C83: Repositor Eletrolítico | D83: Pode causar: Irritação gastrointestinal, dor abdominal, diarreia, flatulencia. Precaução: ↓função renal. Não usar em IRC e úlcera, disfagia, doença cardíaca e pacientes acamados. | E83: ↑ K, ↑Cl Urina: ↑K, ↓Mg | F83: Monitorar: K, Cl, Mg séricos | G83: N/A | H83: N/A | I83: Tomar com as refeições c/ 1 copo de água
A84: Cloreto de sódio 20% 10 ml | B84: Cloreto de sódio | C84: Repositor e solução hidroeletrolítica | D84: N/A | E84: N/A | F84: N/A | G84: N/A | H84: N/A | I84: N/A
A85: Tylex 30mg e 7,5 mg comprimido | B85: Codeína + Paracetamol | C85: Analgésico Narcótico | D85: Pode causar: boca seca, nauseas, vomito, obstipação Precaução: Evitar alcool, lactação, ↓função renal ou hépatica. Pode causar dependencia a longo prazo | E85: ↑amilase, ↑lipase Urina: retenção | F85: N/A | G85: N/A | H85: N/A | I85: Tomar com a alimentação ou leite p/↓desconforto gástrico
... A117: Clexane 80 | B117: Enoxaparina sódica | C117: Anticoagulante | D117: Pode causar: Dor abdominal, sangramento GI, obstipação, fezes escuras, nauseas, vomitos Precaução:Diabetes e IRC: Hipercalemia. Realizar cuidados dentários cautelosamente: ↑sangramento, c/↓função renal e hepática | E117: ↓plaquetas, ↑TGO, ↑TGP, ↑TP, ↑AGL, ↓T3↓Col | F117: Hemograma, plaquetas,sangueoculto | G117: N/A | H117: N/A | I117: N/A
A118: Eprex 4000 UI | B118: Eritropoietina Humana | C118: Fator de crescimento hematopoiético | D118: Pode causar: Nauseas, vomito, diarreia. Precaução: Lactação, não usar em anemia por deficiencia de Fe, hemolise ou sangramento GI, epilepsia ou doença vascular | E118: ↑erit, ↑Hb, ↑Hct, ↓Fe,↓ ferritina, ↓tempo de sangramento | F118: Monitorar antes do uso: reservas de Fe, vit B, folato (é essencial níveis adequados). Durante uso: PA, hemograma, plaquetas, reservas de Fe, função renal, ácido úrico, K, P. | H118: Pode necessitar suplementação de Fe, Vit B e folato
A119: Invanz | B119: Ertapenen | C119: Antibiótico | D119: N/A | E119: ↑Sódio | F119: N/A | G119: N/A | H119: N/A | I119: N/A
A120: Buscopan simples comprimido | B120: Escopolamina | C120: Antiespasmódico | D120: N/A | E120: N/A | F120: N/A | G120: N/A | H120: N/A | I120: N/A
A121: Buscopan simples ampola | B121: Escopolamina | C121: Antiespasmódico | D121: N/A | E121: N/A | F121: N/A | G121: N/A | H121: N/A | I121: N/A
A122: Buscopan composto ampola | B122: Escopolamina + dipirona sódica ( | C122: Antiespasmódico | D122: N/A | E122: N/A | F122: N/A | G122: N/A | H122: N/A | I122: N/A
A123: Buscopan composto comprimido | B123: Escopolamina + dipirona sódica ( | C123: Antiespasmódico | D123: N/A | E123: N/A | F123: N/A | G123: N/A | H123: N/A | I123: N/A
A124: Buscopan composto gota | B124: Escopolamina + dipirona sódica ( | C124: Antiespasmódico | D124: N/A | E124: N/A | F124: N/A | G124: N/A | H124: N/A | I124: N/A
A125: Aldactone 25mg comprimido | B125: Espirinolactona | C125: Diurético | D125: Pode causar: Anorexia, ↑sede, nauseas, boca seca, gastrite, cólicas, diarreia precaução: Alcool, não usar na lactação, c/↓função renal | E125: ↑K, ↓Na, ↑uréia, ↑creat, ↑Mg Urina: ↑Na, ↑água,↓K,↑cal | F125: PA, eletrolitos, função renal | G125: N/A | H125: Evitar a ingestão excessiva de k, suplementos de K, substitutos de sal. ↓Na, ↓cal pode ser recomendada | I125: Tomar com o alimento p/↓ irritação GI e ↑abs
A126: Etomidato | B126: Etomidato | C126: Anestésico não opióide | D126: N/A | E126: N/A | F126: N/A | G126: N/A | H126: N/A | I126: N/A
A127: Beriplex | B127: Fator II, Fator VII, Fator IX, Fator X, Proteína C, Proteína total | C127: Hemostático | D127: N/A | E127: N/A | F127: N/A | G127: N/A | H127: N/A | I127: N/A
A128: Hidantal 100mg comprimido | B128: Fenitoína | C128: Anticonvulsivante | D128: Pode causar: Hiperplasia de gengiva, alterações no paladar, disfagia, nauseas, vomito, obstipação Precaução: Alcool, não usar na lactação, diabetes: ↑glicemia. Realizar cuidados dentários cautelosamente | E128: ↓folato, ↓vit D, ↓Ca, ↓P, ↓T4, ↓biotina, ↓tiamina, ↑glicose, ↑fosf alc, ↑GGT, ↑HDL. Urina: ↑biotina, ↓riboflavina | F128: Nível do fármaco, hemograma, plaquetas, função hepática, Ca, função da tireoíde, albumina. Possivelmente folato | G128: Excesso de ácido fólico e piroxidina (vitamina B6)= Diminuição na concentração do fármaco Com alimento = Melhora a absorção do fármaco e previne a irritação gastrointestinal. Deve ser administrado após as refeições. | H128: Não suplementar com ácido fólico e dieta equilibrada em piroxidina (vitamina B6). Iniciar c/1m/dia de folato c/fenitoína. Pode necessitar de suplemento de vit D e/ou tiamina. Suplementos de Ca, Mg ou antiácidos podem ↓abs: tomar separadamente por 2h. | I128: Administrar 30 minutos antes de uma refeição ou 02 horas depois. Para diminuir. Tomar c/alimento ou leite p/↓irritação Gi (não deve ser administrado com alimentos)
A129: Hidantal 250mg ampola 5ml) | B129: Fenitoína | C129: Anticonvulsivante | D129: Pode causar: Hiperplasia de gengiva, alterações no paladar, disfagia, nauseas, vomito, obstipação Precaução: Alcool, não usar na lactação, diabetes: ↑glicemia. Realizar cuidados dentários cautelosamente | E129: ↓folato, ↓vit D, ↓Ca, ↓P, ↓T4, ↓biotina, ↓tiamina, ↑glicose, ↑fosf alc, ↑GGT, ↑HDL. Urina: ↑biotina, ↓riboflavina | F129: Nível do fármaco, hemograma, plaquetas, função hepática, Ca, função da tireoíde, albumina. Possivelmente folato | G129: Excesso de ácido fólico e piroxidina (vitamina B6)= Diminuição na concentração do fármaco Com alimento = Melhora a absorção fo fármaco e previne a irritação gastrointestinal | H129: Não suplementar com ácido fólico e dieta equilibrada em piroxidina (vitamina B6). Iniciar c/1m/dia de folato c/fenitoína. Pode necessitar de suplemento de vit D e/ou tiamina. Suplementos de Ca, Mg ou antiácidos podem ↓abs: tomar separadamente por 2h. | I129: Administrar 30 minutos antes de uma refeição ou 02 horas depois. Para diminuir. Tomar c/alimento ou leite p/↓irritação Gi
A130: Gardenal comprimido | B130: Fenobarbital | C130: Anticonvulsivante | D130: Pode causar: Nauseas, vomitos, obstipação. Precaução: Alcool, não usar na lactação,c/↓função renal e hepática, pode causar dependencia a longo prazo | E130: ↓bil, ↓folato, ↑col, ↑NH,↓cal,↓vit D, ↓Mg | F130: Monitorar a longo prazo: folato, vit B, hemograma, função hepática e renal, niveis do farmaco | G130: Com alimento= Alteração da biodisponibilidade na ingestão de alimentos ácidos | H130: Equilibrio na ingestão de alimentos capazes de acidificar ou alcalinizar a urina. ↑Ingestão de vit D e Ca. Limitar xantina/cafeína. Pode necessitar de suplementação de vit D, Vit B e folato c/uso a longo prazo. | I130: N/A
... A165: Imunoglobulina Humana 5g | B165: Imunoglobulina humana | C165: Imunoterapico | D165: N/A | E165: N/A | F165: N/A | G165: N/A | H165: N/A | I165: N/A
A166: Insulina NPH | C166: Hipoglicemiante | D166: Pode causar: ↑peso Precaução: Alcool (efeito hipoglicemiante), lactação, ↓função hepática ou renal | E166: ↓glicose | F166: Glicose sanguinea e urinária, HBA1. Cetonas na urina | G166: N/A | H166: Plano de refeições p/equilibrar CHO c/insulina | I166: N/A
A167: Insulina Regular | C167: Hipoglicemiante | D167: Pode causar: ↑peso Precaução: Alcool (efeito hipoglicemiante), lactação, ↓função hepática ou renal | E167: ↓glicose | F167: Glicose sanguinea e urinária, HBA1. Cetonas na urina | G167: N/A | H167: Plano de refeições p/equilibrar CHO c/insulina | I167: N/A
A168: Insulina Lantus | C168: Hipoglicemiante | D168: Pode causar: ↑peso Precaução: Alcool (efeito hipoglicemiante), lactação, ↓função hepática ou renal | E168: ↓glicose | F168: Glicose sanguinea e urinária, HBA1. Cetonas na urina | G168: N/A | H168: Plano de refeições p/equilibrar CHO c/insulina | I168: N/A
A169: Isordil 5mg sublingual | B169: Isossorbida | C169: Antiaginoso | D169: Pode causar: Cefaleia, febre intermitente, tontura, hipotensão ortostática, fraqueza, taquicardia. Precaução: Alcool, lactação | E169: ↑TGO, ↑TGP,↑ác úrico, ↓K, ↑metahemoglobina | F169: Monitorar: PA, taxa cardíaca. Possivelmente K, metahemoglobina | G169: N/A | H169: N/A | I169: Tomar c/estomago vazio, c/1 copo de água p/↑ taxa de abs
A170: Monocordil 20mg comprimido | B170: Mononitrato Isossorbida | C170: Vasodilatador | D170: N/A | E170: N/A | F170: N/A | G170: N/A | H170: N/A | I170: N/A
A171: lactulona xarope | B171: Lactulose xarope | C171: Laxante | D171: N/A | E171: N/A | F171: N/A | G171: N/A | H171: N/A | I171: N/A
A172: Lamictal 50 mg comprimido | B172: Lamotrigina | C172: Anticonvulsivante | D172: Pode causar: Nauseas, vômitos, dispesia, dor abdominal, diarreia, obstipação Precaução: Não usar na lactação, evitar alcool, ↓função renal, hepática ou cardíaca | E172: ITU | F172: N/A | G172: N/A | H172: N/A | I172: Tomar s/considerar a alimentação
A173: Levaquin 500 mg comprimido | B173: Levofloxaxino | C173: Antibiótico | D173: Pode causar: Perda de paladar,nausea, vomito, dispesia, dor abdominal , diarreia, obstipação, flatulencia. Precuação: Diabetes: ↓ou ↑glicose, ↓função renal ou epilepsia | E173: Moinitorar: função hepática ou renal, hemograma | F173: N/A | G173: Com suplementos contendo magnésio, alumínio, ferro ou zinco = diminuição da eficácia do medícarnento.' | H173: Se o paciente pode receber nutrição enteral intermitente, deve-se pausar a dieta 2 h antes e retomar 2h após administração do medicamento. Recomenda-se que para pacientes com nutrição enteral contínua seja administrada levofloxacino parenteral, | I173: Administrar 2h antes ou 2h após administração de suplementos contendo magnésio, alumínio, ferro ou zinco, além de multivitarninicos.
A174: Levaquin 500mg/100ml bolsa | B174: Levofloxaxino | C174: Antibiótico | D174: Pode causar: Perda de paladar,nausea, vomito, dispesia, dor abdominal , diarreia, obstipação, flatulencia. Precuação: Diabetes: ↓ou ↑glicose, ↓função renal ou epilepsia | E174: Moinitorar: função hepática ou renal, hemograma | F174: N/A | G174: Com suplementos contendo magnésio, alumínio, ferro ou zinco = diminuição da eficácia do medícarnento.' | H174: Se o paciente pode receber nutrição enteral intermitente, deve-se pausar a dieta 2 h antes e retomar 2h após administração do medicamento. Recomenda-se que para pacientes com nutrição enteral contínua seja administrada levofloxacino parenteral, | I174: Administrar 2h antes ou 2h após administração de suplementos contendo magnésio, alumínio, ferro ou zinco, além de multivitarninicos.
A175: Neozine 4% frasco | B175: Levomepromazina | C175: Neuroleptico | D175: N/A | E175: N/A | F175: N/A | G175: N/A | H175: N/A | I175: N/A
A176: Puran T4 25 mcg | B176: Levotiroxina | C176: Hormônio Tireoidiano | D176: Pode causar: Alterações no apetite. Precaução:Lactação, diabetes c/insulina ou sulfoniluréia: ↑glicemia, c/doença cardiovascular, HÁ | E176: ↑T3, ↑T4, ↓TSH, ↑glicose, ↓col | F176: Monitorar: função da tireoide, TSH | G176: Com nutrição enteral = o uso pode diminuir a ação do fárrnaco. Dieta rica em fibras pode diminuir a absorção de levotiroxina no TGI | H176: Dieta pobre em fibras. Tomar suplemento de Fe separadamente em 4 h (pode ↓abs) | I176: Administrar com estômago vazio, pelo menos 30 minutos antes das refeições/enteral.
A177: Puran T4 100 mcg | B177: Levotiroxina | C177: Hormônio Tireoidiano | D177: Pode causar: Alterações no apetite. Precaução:Lactação, diabetes c/insulina ou sulfoniluréia: ↑glicemia, c/doença cardiovascular, HÁ | E177: ↑T3, ↑T4, ↓TSH, ↑glicose, ↓col | F177: Monitorar: função da tireoide, TSH | G177: Com nutrição enteral = o uso pode diminuir a ação do fárrnaco. Dieta rica em fibras pode diminuir a absorção de levotiroxina no TGI | H177: Dieta pobre em fibras. Tomar suplemento de Fe separadamente em 4 h (pode ↓abs) | I177: Administrar com estômago vazio, pelo menos 30 minutos antes das refeições/enteral.
A178: Zyvox 600mg/300ml | B178: Linesolida | C178: Antibiótico | D178: Pode causar: Candidiase oral, alterações de paladar, descoloração na lingua, nauseas, vomitos, diarreia, obstipação. Precaução:Lactação | E178: ↓ Hb, ↓ plaquetas, ↓netrofilos, ↓leuc, ↑TGO, ↑TGP, ↑LD, ↑bil, ↑fosf alc, ↑amilase, ↑lipase, ↑ureia | F178: Monitorar: Plaquetas c/uso >2 semanas | G178: N/A | H178: Evitar grandes quantidades de alimentos ricos em tiramina | I178: Tomar sem considerar a alimentação
A179: Imosec 2mg | B179: Loperamida | C179: Antidiarreico | D179: Pode causar: Boca seca, nauseas, vomitos, dores abdominais, flatulencia. Precaução na lactação, não usar em colite pseudomembranosa, colite ulcerativa ou desinteria aguda, c/↓função hepática: risco de toxidade do SNC | E179: N/A | F179: Monitorar: Liquidos e eletrolitos | G179: N/A | H179: Pode ↑necessidade de líquido e eletrolitos | I179: N/A
A180: Lorax 2mg comprimido | B180: Lorazepam | C180: Ansiolítico/hipnótico | D180: Pode causar: Boca seca, nausea, obstipação. Precaução: Evitar alcool, não usar na lactação. Pode causar dependencia em uso a longo prazo | E180: ↑LD, ↓leuc | F180: Monitorar: hemograma e função hepática em uso a longo prazo | G180: N/A | H180: Limitar cafeína p/ <500mg/dia | I180: Pode tomar com alimento p/↓desconforto
... A195: Plasil gotasl frasco 10ml) | B195: Metoclpramida | C195: Antiemético e procinético | D195: Pode causar: Boca seca, ↑esvaziamento gástrico, nauseas, diarreia, obstipação. Precaução:Alcool (↑efeitos do alcool), lactação, diabetes (pode alterar os requerimentos de insulina), ↓função renal | E195: ↑prolactina. Transitorio: ↑aldosterona | F195: N/A | G195: N/A | H195: Tomar 1/2 h antes das refeições e ao deitar | I195: N/A
A196: Seloken 100mg comprimido | B196: Metoprolol | C196: Anti-hipertensivo | D196: Pode causar: Boca seca, naúseas, dispepsia, flatulência, diarréia, obstipação. Precaução: Lactação, diabetes(pode mascarar sinais de hipoglicemia | E196: ↑TGO, ↑TGP, ↑fosf alc, ↑LD, ↑Tg,↑ác úrico. | G196: Tomar c/alimento p/↑biodisponibilidade | H196: ↓Na, ↓Cal,pode ser recomendada | I196: Tomar c/alimentos p/↑ biodisponibilidade.
A197: Seloken 5mg/5ml ampola) | B197: Metoprolol | C197: Anti-hipertensivo
A198: Flagyl bolsa 500mg/100ml | B198: Metronidazol | C198: Antiparasitário | D198: Pode causar: Paladar metalico, nauseas, vomito, desconforto epigástrico, boca seca, estomatite, diarreia,obstipação. Precaução: Evitar qualquer alcool durante o uso e por 3 dias após reação semelhante ao dissulfiram. Não usar na lactação↑risco de problemas dentários, | E198: Leve ↓leuc. Falso ↓TGO, ↓TGP, ↓LD, ↓Tg, ↓glicose c/alguns ensaios | F198: Monitorar: Hemograma | G198: N/A | H198: N/A | I198: N/A
A199: Flagyl 250mg e 400mg comprimido | B199: Metronidazol | C199: Antiparasitário | D199: Pode causar: Paladar metalico, nauseas, vomito, desconforto epigástrico, boca seca, estomatite, diarreia,obstipação. Precaução: Evitar qualquer alcool durante o uso e por 3 dias após reação semelhante ao dissulfiram. Não usar na lactação↑risco de problemas dentários, | E199: Leve ↓leuc. Falso ↓TGO, ↓TGP, ↓LD, ↓Tg, ↓glicose c/alguns ensaios | F199: Monitorar: Hemograma | G199: N/A | H199: N/A | I199: N/A
A200: Dormonid 15mg/3 ml | B200: Midazolan | C200: Ansiolítico/hipnótico | D200: N/A | E200: N/A | F200: N/A | G200: Com o consumo de Toranja = Aumento da absorção | H200: Não ingestão de toranja | I200: N/A
A201: Dormonid 50mg/10ml | B201: Midazolan | C201: Ansiolítico/hipnótico | D201: N/A | E201: N/A | F201: N/A | G201: Com o consumo de Toranja = Aumento da absorção | H201: Não ingestão de toranja | I201: N/A
A202: Dormonid 5mg/5ml | B202: Midazolan | C202: Ansiolítico/hipnótico | D202: N/A | E202: N/A | F202: N/A | G202: Com o consumo de Toranja = Aumento da absorção | H202: Não ingestão de toranja | I202: N/A
A203: Dormonid 15mg comprimido | B203: Midazolan | C203: Ansiolítico/hipnótico | D203: N/A | E203: N/A | F203: N/A | G203: Com o consumo de Toranja = Aumento da absorção | H203: Não ingestão de toranja | I203: N/A
A204: Remeron soltab 15mg | B204: Mirtazapina | C204: Antidepressivo | D204: Pode causar: ↑ apetite,↑peso, ↑sede, anorexia, boca seca, nauseas, vomito, dor abominal | E204: ↑Col, ↑ TGP, ↑TGO. Urina: ↑frequencia | F204: N/A | G204: N/A | H204: Evitar erva de são joão | I204: Tomar s/considerar a alimentação
A205: Prostokos 200mcg | B205: Misoprostol | C205: Prostaglandinas | D205: Pode causar: Nauseas, diarreia, vomitos, dor abdominal, flatulencia Precaução: Não usar na lactação | E205: N/A | F205: N/A | G205: N/A | H205: Precaução c/antiácido/suplementos de Mg: ↑risco de diarreia | I205: Tomar c/refeições e ao deitar
A206: Prostokos 25 mcg | B206: Misoprostol | C206: Prostaglandinas | D206: Pode causar: Nauseas, diarreia, vomitos, dor abdominal, flatulencia Precaução: Não usar na lactação | E206: N/A | F206: N/A | G206: N/A | H206: Precaução c/antiácido/suplementos de Mg: ↑risco de diarreia | I206: Tomar c/refeições e ao deitar
...

Sheet Avaliação
C1: AVALIAÇÃO - INTERAÇÃO DROGA NUTRIENTE
A3: Nome do paciente:
A4: Registro:
A5: Data de nascimento:
A6: Idade | C6: =INT(C8-C5)/365.25 -> 0
A7: Data da prescrição: | E7: =TEXT(C7,"dddd") -> sábado
A8: Data da avaliação: | E8: =TEXT(C8,"dddd") -> sábado
A9: Farmaceutica Responsavél:
A11: Nome Comercial | B11: Fármaco | C11: Alterações laboratoriais | D11: Sintomatologia | E11: Nutrição | F11: Enfermagem | G11: Médica
B12: =IFERROR(VLOOKUP(A12,'Banco de dados '!1:1048576,2,FALSE),"") | C12: =IFERROR(VLOOKUP(A12,'Banco de dados '!1:1048576,2,FALSE),"") | D12: =IFERROR(VLOOKUP(A12,'Banco de dados '!1:1048576,4,FALSE),"") | E12: =IFERROR(VLOOKUP(A12,'Banco de dados '!1:1048576,8,FALSE),"") | F12: =IFERROR(VLOOKUP(A12,'Banco de dados '!1:1048576,7,FALSE),"") | G12: =IFERROR(VLOOKUP(A12,'Banco de dados '!1:1048576,6,FALSE),"")
B13: =IFERROR(VLOOKUP(A13,'Banco de dados '!1:1048576,2,FALSE),"") | C13: =IFERROR(VLOOKUP(A13,'Banco de dados '!1:1048576,2,FALSE),"") | D13: =IFERROR(VLOOKUP(A13,'Banco de dados '!1:1048576,4,FALSE),"") | E13: =IFERROR(VLOOKUP(A13,'Banco de dados '!1:1048576,8,FALSE),"") | F13: =IFERROR(VLOOKUP(A13,'Banco de dados '!1:1048576,7,FALSE),"") | G13: =IFERROR(VLOOKUP(A13,'Banco de dados '!1:1048576,6,FALSE),"")
B14: =IFERROR(VLOOKUP(A14,'Banco de dados '!1:1048576,2,FALSE),"") | C14: =IFERROR(VLOOKUP(A14,'Banco de dados '!1:1048576,2,FALSE),"") | D14: =IFERROR(VLOOKUP(A14,'Banco de dados '!1:1048576,4,FALSE),"") | E14: =IFERROR(VLOOKUP(A14,'Banco de dados '!1:1048576,8,FALSE),"") | F14: =IFERROR(VLOOKUP(A14,'Banco de dados '!1:1048576,7,FALSE),"") | G14: =IFERROR(VLOOKUP(A14,'Banco de dados '!1:1048576,6,FALSE),"")
B15: =IFERROR(VLOOKUP(A15,'Banco de dados '!1:1048576,2,FALSE),"") | C15: =IFERROR(VLOOKUP(A15,'Banco de dados '!1:1048576,2,FALSE),"") | D15: =IFERROR(VLOOKUP(A15,'Banco de dados '!1:1048576,4,FALSE),"") | E15: =IFERROR(VLOOKUP(A15,'Banco de dados '!1:1048576,8,FALSE),"") | F15: =IFERROR(VLOOKUP(A15,'Banco de dados '!1:1048576,7,FALSE),"") | G15: =IFERROR(VLOOKUP(A15,'Banco de dados '!1:1048576,6,FALSE),"")
B16: =IFERROR(VLOOKUP(A16,'Banco de dados '!1:1048576,2,FALSE),"") | C16: =IFERROR(VLOOKUP(A16,'Banco de dados '!1:1048576,2,FALSE),"") | D16: =IFERROR(VLOOKUP(A16,'Banco de dados '!1:1048576,4,FALSE),"") | E16: =IFERROR(VLOOKUP(A16,'Banco de dados '!1:1048576,8,FALSE),"") | F16: =IFERROR(VLOOKUP(A16,'Banco de dados '!1:1048576,7,FALSE),"") | G16: =IFERROR(VLOOKUP(A16,'Banco de dados '!1:1048576,6,FALSE),"")
B17: =IFERROR(VLOOKUP(A17,'Banco de dados '!1:1048576,2,FALSE),"") | C17: =IFERROR(VLOOKUP(A17,'Banco de dados '!1:1048576,2,FALSE),"") | D17: =IFERROR(VLOOKUP(A17,'Banco de dados '!1:1048576,4,FALSE),"") | E17: =IFERROR(VLOOKUP(A17,'Banco de dados '!1:1048576,8,FALSE),"") | F17: =IFERROR(VLOOKUP(A17,'Banco de dados '!1:1048576,7,FALSE),"") | G17: =IFERROR(VLOOKUP(A17,'Banco de dados '!1:1048576,6,FALSE),"")
B18: =IFERROR(VLOOKUP(A18,'Banco de dados '!1:1048576,2,FALSE),"") | C18: =IFERROR(VLOOKUP(A18,'Banco de dados '!1:1048576,2,FALSE),"") | D18: =IFERROR(VLOOKUP(A18,'Banco de dados '!1:1048576,4,FALSE),"") | E18: =IFERROR(VLOOKUP(A18,'Banco de dados '!1:1048576,8,FALSE),"") | F18: =IFERROR(VLOOKUP(A18,'Banco de dados '!1:1048576,7,FALSE),"") | G18: =IFERROR(VLOOKUP(A18,'Banco de dados '!1:1048576,6,FALSE),"")
B19: =IFERROR(VLOOKUP(A19,'Banco de dados '!1:1048576,2,FALSE),"") | C19: =IFERROR(VLOOKUP(A19,'Banco de dados '!1:1048576,2,FALSE),"") | D19: =IFERROR(VLOOKUP(A19,'Banco de dados '!1:1048576,4,FALSE),"") | E19: =IFERROR(VLOOKUP(A19,'Banco de dados '!1:1048576,8,FALSE),"") | F19: =IFERROR(VLOOKUP(A19,'Banco de dados '!1:1048576,7,FALSE),"") | G19: =IFERROR(VLOOKUP(A19,'Banco de dados '!1:1048576,6,FALSE),"")
B20: =IFERROR(VLOOKUP(A20,'Banco de dados '!1:1048576,2,FALSE),"") | C20: =IFERROR(VLOOKUP(A20,'Banco de dados '!1:1048576,2,FALSE),"") | D20: =IFERROR(VLOOKUP(A20,'Banco de dados '!1:1048576,4,FALSE),"") | E20: =IFERROR(VLOOKUP(A20,'Banco de dados '!1:1048576,8,FALSE),"") | F20: =IFERROR(VLOOKUP(A20,'Banco de dados '!1:1048576,7,FALSE),"") | G20: =IFERROR(VLOOKUP(A20,'Banco de dados '!1:1048576,6,FALSE),"")
A21: Conduta Final:

Sheet Rereferncias
A1: REFERÊNCIAS:1 - lacy CF, Armstrong ll, Goldman MP, lance ll. Drug information handbook. 2010-2011. Hudson: lexi-Comp; 2010 2 Micromedex. Healthcare series, [base de dados Internet]. Greenwood Village: Thomson MICROMEDEX; 2009 [acesso em 05.2010]. Disponível em URl: http://www.micromedex.com/products/drugdex. 3 - Bula do medicamento. Site ANVISA. 4 - lopes EM, Carvalho RBN, Freitas RM. Análise das possíveis interações entre medicamentos e alimentojnutrientes em pacientes hospitalizados. Einstein. 2010; 8(3 Pt 1):298-302.
